2015/10/09 02:00:00.010 ,India,Karnataka,Banglore,Success
2015/10/09 07:00:00.053 ,India,Karnataka,Banglore,Failure
2015/10/09 10:00:00.058 ,India,Karnataka,Banglore,Success
2015/10/09 04:00:00.061 ,India,Karnataka,Banglore,Failure
2015/10/09 12:00:00.063 ,India,Karnataka,Banglore,Success
2015/10/09 09:00:00.106 ,India,Karnataka,Banglore,Failure
2015/10/09 08:00:00.114 ,India,Karnataka,Banglore,Success
2015/10/09 06:00:00.130 ,India,Karnataka,Banglore,Failure
2015/10/09 05:00:00.170 ,India,Karnataka,Banglore,Success
2015/10/09 04:00:00.182 ,India,Karnataka,Banglore,Failure
2015/10/09 12:00:00.188 ,India,TN,Chennai,Success
2015/10/09 13:00:00.189 ,India,TN,Chennai,Failure
2015/10/09 15:00:00.233 ,India,TN,Chennai,Success
2015/10/09 16:00:00.268 ,India,TN,Chennai,Failure
2015/10/09 17:00:00.268 ,India,TN,Chennai,Success
2015/10/09 02:00:00.269 ,India,TN,Chennai,Failure
2015/10/09 03:00:00.289 ,India,TN,Chennai,Success
2015/10/09 04:00:00.310 ,India,TN,Chennai,Failure
2015/10/09 05:00:00.344 ,India,TN,Chennai,Failure
2015/10/09 04:00:00.354 ,India,TN,Chennai,Success
2015/10/09 03:00:00.400 ,US,California,SF,Failure
2015/10/09 02:00:00.449 ,US,California,SF,Success
2015/10/09 05:00:00.449 ,US,California,SF,Failure
2015/10/09 06:00:00.449 ,US,California,SF,Success
2015/10/09 07:00:00.449 ,US,Washington,Seattle,Failure
2015/10/09 01:00:00.449 ,US,Washington,Seattle,Success
2015/10/09 04:00:00.449 ,US,Washington,Seattle,Failure
2015/10/09 05:00:00.449 ,US,Washington,Seattle,Success
2015/10/09 02:00:00.010 ,India,Karnataka,Banglore,Success
2015/10/09 07:00:00.053 ,India,Karnataka,Banglore,Failure
2015/10/09 02:00:00.010 ,India,Karnataka,Banglore,Success
2015/10/09 07:00:00.053 ,India,Karnataka,Banglore,Failure
2016/03/07 02:00:00.010 ,India,Karnataka,Banglore,Success
2016/03/07 07:00:00.053 ,India,Karnataka,Banglore,Failure
2016/03/07 02:00:00.010 ,India,Karnataka,Banglore,Success
2016/03/07 07:00:00.053 ,India,Karnataka,Banglore,Failure
2016/03/08 02:00:00.010 ,India,Karnataka,Banglore,Success
2016/03/08 07:00:00.053 ,India,Karnataka,Banglore,Failure
2016/03/08 02:00:00.010 ,India,Karnataka,Banglore,Success
2016/03/08 07:00:00.053 ,India,Karnataka,Banglore,Failure
2016/03/15 02:00:00.010 ,India,Karnataka,Banglore,Success
2016/03/15 07:00:00.053 ,India,Karnataka,Banglore,Failure
2016/03/15 02:00:00.010 ,India,Karnataka,Banglore,Success
2016/03/15 07:00:00.053 ,India,Karnataka,Banglore,Failure
2016/03/15 02:00:00.010 ,India,Karnataka,Banglore,Success
2016/03/15 07:00:00.053 ,India,Karnataka,Banglore,Failure
